{"meta":{"app":"https://ctjs.rocks/","version":"1.5.0","image":"a0.png","format":"RGBA8888","size":{"w":2048,"h":2048},"scale":"1"},"frames":{"Asteroids_Small@frame0":{"frame":{"x":1,"y":1,"w":76,"h":56},"rotated":false,"trimmed":false,"spriteSourceSize":{"x":0,"y":0,"w":76,"h":56},"sourceSize":{"w":76,"h":56},"anchor":{"x":0.4868421052631579,"y":0.59375},"shape":{"type":"circle","r":22}},"Asteroids_Small@frame1":{"frame":{"x":1,"y":59,"w":76,"h":56},"rotated":false,"trimmed":false,"spriteSourceSize":{"x":0,"y":0,"w":76,"h":56},"sourceSize":{"w":76,"h":56},"anchor":{"x":0.4868421052631579,"y":0.59375},"shape":{"type":"circle","r":22}},"Asteroids_Small@frame2":{"frame":{"x":1,"y":117,"w":76,"h":56},"rotated":false,"trimmed":false,"spriteSourceSize":{"x":0,"y":0,"w":76,"h":56},"sourceSize":{"w":76,"h":56},"anchor":{"x":0.4868421052631579,"y":0.59375},"shape":{"type":"circle","r":22}},"Bonus_Bolt@frame0":{"frame":{"x":79,"y":1,"w":74,"h":116},"rotated":false,"trimmed":false,"spriteSourceSize":{"x":0,"y":0,"w":74,"h":116},"sourceSize":{"w":74,"h":116},"anchor":{"x":0.5,"y":0.665948275862069},"shape":{"type":"rect","top":23,"bottom":26,"left":25,"right":26}},"Bonus_Cross@frame0":{"frame":{"x":155,"y":1,"w":74,"h":109},"rotated":false,"trimmed":false,"spriteSourceSize":{"x":0,"y":0,"w":74,"h":109},"sourceSize":{"w":74,"h":109},"anchor":{"x":0.5,"y":0.6605504587155964},"shape":{"type":"rect","top":24,"bottom":24,"left":25,"right":26}},"Bonus_Lives@frame0":{"frame":{"x":155,"y":112,"w":94,"h":103},"rotated":false,"trimmed":false,"spriteSourceSize":{"x":0,"y":0,"w":94,"h":103},"sourceSize":{"w":94,"h":103},"anchor":{"x":0.5,"y":0.6407766990291263},"shape":{"type":"rect","top":24,"bottom":24,"left":25,"right":26}},"Bonus_Slowmo@frame0":{"frame":{"x":79,"y":119,"w":74,"h":125},"rotated":false,"trimmed":false,"spriteSourceSize":{"x":0,"y":0,"w":74,"h":125},"sourceSize":{"w":74,"h":125},"anchor":{"x":0.4966216216216216,"y":0.66},"shape":{"type":"rect","top":18,"bottom":30,"left":25,"right":26}},"Bonus_Spread@frame0":{"frame":{"x":231,"y":1,"w":74,"h":109},"rotated":false,"trimmed":false,"spriteSourceSize":{"x":0,"y":0,"w":74,"h":109},"sourceSize":{"w":74,"h":109},"anchor":{"x":0.5033783783783784,"y":0.6674311926605505},"shape":{"type":"rect","top":25,"bottom":23,"left":25,"right":26}},"Boss@frame0":{"frame":{"x":307,"y":1,"w":500,"h":500},"rotated":false,"trimmed":false,"spriteSourceSize":{"x":0,"y":0,"w":500,"h":500},"sourceSize":{"w":500,"h":500},"anchor":{"x":0.5,"y":0.5},"shape":{"type":"strip","points":[{"x":0,"y":-119.5},{"x":36.5,"y":-105.5},{"x":61,"y":-71.5},{"x":63.5,"y":-1},{"x":93.5,"y":-17.5},{"x":97,"y":24},{"x":113,"y":23.5},{"x":110,"y":-7},{"x":128,"y":-17},{"x":142.5,"y":-8},{"x":145.5,"y":-135},{"x":159.5,"y":-149.5},{"x":177.5,"y":-135},{"x":180,"y":64},{"x":154,"y":75},{"x":145.5,"y":115},{"x":134.5,"y":83},{"x":97.5,"y":97},{"x":92.5,"y":123},{"x":62,"y":123.5},{"x":54,"y":105},{"x":0,"y":145},{"x":-54,"y":105},{"x":-62,"y":123.5},{"x":-92.5,"y":123.00000000000006},{"x":-97.5,"y":97},{"x":-134.5,"y":83.00000000000006},{"x":-145.5,"y":115.00000000000006},{"x":-154,"y":74.99999999999994},{"x":-180,"y":64},{"x":-177.5,"y":-135},{"x":-159.5,"y":-149.5},{"x":-145.5,"y":-135},{"x":-142.5,"y":-7.999999999999972},{"x":-128,"y":-16.99999999999997},{"x":-110,"y":-7},{"x":-113,"y":23.5},{"x":-97,"y":24},{"x":-93.5,"y":-17.5},{"x":-63.5,"y":-1},{"x":-61,"y":-71.49999999999997},{"x":-36.5,"y":-105.5}],"closedStrip":true}},"Button_Shoot@frame0":{"frame":{"x":1,"y":246,"w":277,"h":245},"rotated":false,"trimmed":false,"spriteSourceSize":{"x":0,"y":0,"w":277,"h":245},"sourceSize":{"w":277,"h":245},"anchor":{"x":0.6028880866425993,"y":0.42448979591836733},"shape":{"type":"circle","r":94}},"CatsteroidsLogo@frame0":{"frame":{"x":809,"y":1,"w":1179,"h":377},"rotated":false,"trimmed":false,"spriteSourceSize":{"x":0,"y":0,"w":1179,"h":377},"sourceSize":{"w":1179,"h":377},"anchor":{"x":0.49957591178965227,"y":0.4986737400530504},"shape":{"type":"rect","top":188,"bottom":189,"left":589,"right":590}},"Chunk_01@frame0":{"frame":{"x":1,"y":493,"w":191,"h":286},"rotated":false,"trimmed":false,"spriteSourceSize":{"x":0,"y":0,"w":191,"h":286},"sourceSize":{"w":191,"h":286},"anchor":{"x":0.46596858638743455,"y":0.45367132867132864},"shape":{"type":"strip","points":[{"x":23,"y":134.5},{"x":-21.5,"y":109.5},{"x":-68,"y":22.5},{"x":-55.25,"y":-69.5},{"x":-19.75,"y":-91.25},{"x":-21,"y":-116.5},{"x":23.75,"y":-117},{"x":70,"y":-37.5},{"x":57.5,"y":52.75},{"x":19.5,"y":57}],"closedStrip":true}},"Chunk_02@frame0":{"frame":{"x":1,"y":781,"w":194,"h":278},"rotated":false,"trimmed":false,"spriteSourceSize":{"x":0,"y":0,"w":194,"h":278},"sourceSize":{"w":194,"h":278},"anchor":{"x":0.49097938144329895,"y":0.5035971223021583},"shape":{"type":"strip","points":[{"x":51,"y":-86},{"x":82.75,"y":-38.5},{"x":74.25,"y":-17},{"x":81.25,"y":21.75},{"x":59,"y":30.5},{"x":61.25,"y":47},{"x":52.75,"y":57},{"x":64,"y":80.75},{"x":13.25,"y":117.5},{"x":-33.5,"y":66},{"x":-55.25,"y":65},{"x":-80.75,"y":9},{"x":-64,"y":-10.25},{"x":-62,"y":-42.25},{"x":-46.75,"y":-59.75},{"x":-52.75,"y":-81.5},{"x":-8.25,"y":-112.25},{"x":-11.75,"y":-123},{"x":1.25,"y":-126.5},{"x":19,"y":-94.5},{"x":31.5,"y":-104},{"x":38.5,"y":-86}],"closedStrip":true}},"Enemy_Bomber@frame0":{"frame":{"x":1,"y":1061,"w":500,"h":500},"rotated":false,"trimmed":false,"spriteSourceSize":{"x":0,"y":0,"w":500,"h":500},"sourceSize":{"w":500,"h":500},"anchor":{"x":0.5,"y":0.5},"shape":{"type":"strip","points":[{"x":-1.5,"y":-139.5},{"x":17.5,"y":-127},{"x":35,"y":-81.5},{"x":64.5,"y":-79.5},{"x":66,"y":-109},{"x":81.5,"y":-111},{"x":85,"y":-83},{"x":102.5,"y":-83},{"x":104,"y":-115},{"x":122,"y":-116.5},{"x":126,"y":-81},{"x":163,"y":-66},{"x":186,"y":-23.5},{"x":187.5,"y":47},{"x":161,"y":66},{"x":138,"y":9},{"x":81,"y":16},{"x":74.5,"y":68.5},{"x":127.5,"y":113},{"x":105.5,"y":125.5},{"x":57.5,"y":105.5},{"x":57,"y":139.5},{"x":25,"y":138.5},{"x":1,"y":127.5},{"x":-22.78981769472721,"y":138.94747020313412},{"x":-54.76548227266193,"y":140.5464932797065},{"x":-55.9020429130973,"y":106.56181688120876},{"x":-103.51912820279051,"y":127.45710794197373},{"x":-125.74933287982019,"y":115.37124843520428},{"x":-73.59188550429377,"y":69.88662814142594},{"x":-81.07380575844815,"y":17.51754499773824},{"x":-138.19488675613033,"y":11.586094445282072},{"x":-160.12353207261353,"y":69.00677464487467},{"x":-186.97465995280191,"y":50.50631704075653},{"x":-186.7950319270919,"y":-20.009409813416795},{"x":-164.59487483387744,"y":-62.93263225810978},{"x":-127.88223619385583,"y":-78.6228255038028},{"x":-124.54767323208769,"y":-114.1915011869655},{"x":-106.52274169737815,"y":-113.02881327998708},{"x":-104.42380628442989,"y":-81.06251117711207},{"x":-86.9268745112753,"y":-81.39019780420156},{"x":-83.95178675998751,"y":-109.4508259666668},{"x":-68.41705443209752,"y":-107.74141334801408},{"x":-66.36493139444774,"y":-78.27467292701829},{"x":-36.90755344851165,"y":-80.82670830104391},{"x":-20.262606905789657,"y":-126.6464175383353}],"closedStrip":true}},"Enemy_Shooter@frame0":{"frame":{"x":1,"y":1563,"w":300,"h":300},"rotated":false,"trimmed":false,"spriteSourceSize":{"x":0,"y":0,"w":300,"h":300},"sourceSize":{"w":300,"h":300},"anchor":{"x":0.5,"y":0.5},"shape":{"type":"strip","points":[{"x":-0.5,"y":-76.25},{"x":-24.5,"y":-69.25},{"x":-28.5,"y":-61.5},{"x":-44.25,"y":-61.75},{"x":-44.25,"y":-30.25},{"x":-30.5,"y":-19},{"x":-19.5,"y":4},{"x":-65.25,"y":25},{"x":-66.25,"y":3.75},{"x":-78.25,"y":-8},{"x":-90.75,"y":3.5},{"x":-90.25,"y":75},{"x":-65.25,"y":73.75},{"x":-65.25,"y":51.25},{"x":-21,"y":30.5},{"x":-17,"y":45},{"x":-0.5,"y":53.25},{"x":16,"y":45},{"x":20,"y":30.5},{"x":64.25,"y":51.24999999999994},{"x":64.25,"y":73.74999999999994},{"x":89.25,"y":75.00000000000006},{"x":89.75,"y":3.5000000000000284},{"x":77.25,"y":-7.999999999999972},{"x":65.25,"y":3.7499999999999716},{"x":64.25,"y":24.99999999999997},{"x":18.5,"y":4},{"x":29.5,"y":-18.999999999999986},{"x":43.25,"y":-30.250000000000014},{"x":43.25,"y":-61.75000000000003},{"x":27.5,"y":-61.5},{"x":23.5,"y":-69.25}],"closedStrip":true}},"Enemy_Wiggler@frame0":{"frame":{"x":303,"y":1563,"w":300,"h":300},"rotated":false,"trimmed":false,"spriteSourceSize":{"x":0,"y":0,"w":300,"h":300},"sourceSize":{"w":300,"h":300},"anchor":{"x":0.5,"y":0.5},"shape":{"type":"strip","points":[{"x":-0.5,"y":75.25},{"x":-18.5,"y":72.25},{"x":-46.25,"y":76.25},{"x":-37,"y":44},{"x":-32.5,"y":37.5},{"x":-35.75,"y":27},{"x":-63,"y":-1},{"x":-64.75,"y":-49.5},{"x":-48.25,"y":-70},{"x":-47.75,"y":-20},{"x":-17.75,"y":-23.75},{"x":-18.75,"y":-42},{"x":-6.25,"y":-54.75},{"x":-0.75,"y":-77.5},{"x":4.824438420452049,"y":-54.768125103797786},{"x":17.366106203224028,"y":-42.05910983011984},{"x":16.42584953471802,"y":-23.805934287290825},{"x":46.43796374175645,"y":-20.15415378681135},{"x":46.77429538039548,"y":-70.15552257836401},{"x":63.34130991476527,"y":-49.709642078420245},{"x":61.75007500227686,"y":-1.2041736088416428},{"x":34.59187377116805,"y":26.884874183680566},{"x":31.376260975779623,"y":37.39545620134896},{"x":35.89751340665699,"y":43.88069146741955},{"x":45.253028216928016,"y":76.1002405430165},{"x":17.49008362753869,"y":72.19109642614151}],"closedStrip":true}},"Healthbar_Base@frame0":{"frame":{"x":1,"y":1865,"w":977,"h":71},"rotated":false,"trimmed":false,"spriteSourceSize":{"x":0,"y":0,"w":977,"h":71},"sourceSize":{"w":977,"h":71},"anchor":{"x":0.49948822927328557,"y":1},"shape":{"type":"rect","top":71,"bottom":0,"left":488,"right":489}},"Healthbar_BossBar@frame0":{"frame":{"x":251,"y":112,"w":52,"h":52},"rotated":false,"trimmed":false,"spriteSourceSize":{"x":0,"y":0,"w":52,"h":52},"sourceSize":{"w":52,"h":52},"anchor":{"x":0.1971153846153846,"y":0.10096153846153846},"shape":{"type":"rect","top":5,"bottom":46,"left":10,"right":41}},"Joystick_Center@frame0":{"frame":{"x":197,"y":503,"w":330,"h":330},"rotated":false,"trimmed":false,"spriteSourceSize":{"x":0,"y":0,"w":330,"h":330},"sourceSize":{"w":330,"h":330},"anchor":{"x":0.5,"y":0.4818181818181818},"shape":{"type":"circle","r":150}},"Joystick_Move@frame0":{"frame":{"x":197,"y":835,"w":134,"h":134},"rotated":false,"trimmed":false,"spriteSourceSize":{"x":0,"y":0,"w":134,"h":134},"sourceSize":{"w":134,"h":134},"anchor":{"x":0.5,"y":0.47761194029850745},"shape":{"type":"circle","r":57}},"Laser_Bolt_Blue@frame0":{"frame":{"x":1990,"y":1,"w":39,"h":111},"rotated":false,"trimmed":false,"spriteSourceSize":{"x":0,"y":0,"w":39,"h":111},"sourceSize":{"w":39,"h":111},"anchor":{"x":0.5064102564102564,"y":0.16666666666666666},"shape":{"type":"circle","r":13}},"Laser_Cross_Red@frame0":{"frame":{"x":251,"y":166,"w":50,"h":50},"rotated":false,"trimmed":false,"spriteSourceSize":{"x":0,"y":0,"w":50,"h":50},"sourceSize":{"w":50,"h":50},"anchor":{"x":0.5,"y":0.495},"shape":{"type":"circle","r":15}},"Laser_Red@frame0":{"frame":{"x":197,"y":971,"w":201,"h":58},"rotated":false,"trimmed":false,"spriteSourceSize":{"x":0,"y":0,"w":201,"h":58},"sourceSize":{"w":201,"h":58},"anchor":{"x":0.7524875621890548,"y":0.4956896551724138},"shape":{"type":"circle","r":11}},"Laser_Simple_Blue@frame0":{"frame":{"x":1,"y":1938,"w":201,"h":58},"rotated":false,"trimmed":false,"spriteSourceSize":{"x":0,"y":0,"w":201,"h":58},"sourceSize":{"w":201,"h":58},"anchor":{"x":0.7512437810945274,"y":0.49137931034482757},"shape":{"type":"circle","r":11}},"Laser_X_Blue@frame0":{"frame":{"x":1990,"y":114,"w":50,"h":50},"rotated":false,"trimmed":false,"spriteSourceSize":{"x":0,"y":0,"w":50,"h":50},"sourceSize":{"w":50,"h":50},"anchor":{"x":0.5,"y":0.5},"shape":{"type":"circle","r":14}},"Light_02@frame0":{"frame":{"x":503,"y":835,"w":512,"h":512},"rotated":false,"trimmed":false,"spriteSourceSize":{"x":0,"y":0,"w":512,"h":512},"sourceSize":{"w":512,"h":512},"anchor":{"x":0,"y":0},"shape":{"type":"rect","top":0,"bottom":512,"left":0,"right":512}},"OhNo@frame0":{"frame":{"x":605,"y":1349,"w":755,"h":474},"rotated":false,"trimmed":false,"spriteSourceSize":{"x":0,"y":0,"w":755,"h":474},"sourceSize":{"w":755,"h":474},"anchor":{"x":0.49933774834437084,"y":0.5443037974683544},"shape":{"type":"rect","top":186,"bottom":187,"left":299,"right":299}},"PlayerShip_Blue@frame0":{"frame":{"x":529,"y":503,"w":300,"h":300},"rotated":false,"trimmed":false,"spriteSourceSize":{"x":0,"y":0,"w":300,"h":300},"sourceSize":{"w":300,"h":300},"anchor":{"x":0.5,"y":0.5},"shape":{"type":"strip","points":[{"x":-0.25,"y":86.5},{"x":-9.25,"y":81.75},{"x":-52.75,"y":81.25},{"x":-47.75,"y":37.5},{"x":-46.25,"y":26.25},{"x":-90.75,"y":-21},{"x":-74.75,"y":-37.75},{"x":-34.75,"y":0.5},{"x":-33.75,"y":-26.75},{"x":-23.75,"y":-26.5},{"x":-15.25,"y":-18.75},{"x":-16.5,"y":-56.25},{"x":-21,"y":-63.75},{"x":-21.5,"y":-79},{"x":-12.5,"y":-89.5},{"x":-2.25,"y":-77.5},{"x":7.704312267657992,"y":-89.74639405204465},{"x":16.957695167286246,"y":-79.46899628252788},{"x":16.829739776951673,"y":-64.21133828996278},{"x":12.513977695167286,"y":-56.60382899628257},{"x":12.178847583643122,"y":-19.084498141263936},{"x":20.48732342007435,"y":-27.039479553903334},{"x":30.47825278810409,"y":-27.53327137546472},{"x":32.142490706319705,"y":-0.31576208178441334},{"x":71.19780669144981,"y":-39.52985130111526},{"x":87.60152416356877,"y":-23.175018587360597},{"x":44.26702602230483,"y":25.146133828996312},{"x":46.04092936802974,"y":36.35620817843862},{"x":52.10635687732342,"y":79.97126394052043},{"x":8.631486988847584,"y":81.53193308550186}],"closedStrip":true}},"RetryButton@frame0":{"frame":{"x":980,"y":1825,"w":363,"h":164},"rotated":false,"trimmed":false,"spriteSourceSize":{"x":0,"y":0,"w":363,"h":164},"sourceSize":{"w":363,"h":164},"anchor":{"x":0.48760330578512395,"y":0.4451219512195122},"shape":{"type":"rect","top":40,"bottom":40,"left":155,"right":140}},"Scorch@frame0":{"frame":{"x":1362,"y":380,"w":512,"h":512},"rotated":false,"trimmed":false,"spriteSourceSize":{"x":0,"y":0,"w":512,"h":512},"sourceSize":{"w":512,"h":512},"anchor":{"x":0,"y":0},"shape":{"type":"rect","top":0,"bottom":512,"left":0,"right":512}},"Scorch@frame1":{"frame":{"x":1362,"y":894,"w":512,"h":512},"rotated":false,"trimmed":false,"spriteSourceSize":{"x":0,"y":0,"w":512,"h":512},"sourceSize":{"w":512,"h":512},"anchor":{"x":0,"y":0},"shape":{"type":"rect","top":0,"bottom":512,"left":0,"right":512}},"Scorch@frame2":{"frame":{"x":1362,"y":1408,"w":512,"h":512},"rotated":false,"trimmed":false,"spriteSourceSize":{"x":0,"y":0,"w":512,"h":512},"sourceSize":{"w":512,"h":512},"anchor":{"x":0,"y":0},"shape":{"type":"rect","top":0,"bottom":512,"left":0,"right":512}},"StartButton@frame0":{"frame":{"x":831,"y":380,"w":414,"h":164},"rotated":false,"trimmed":false,"spriteSourceSize":{"x":0,"y":0,"w":414,"h":164},"sourceSize":{"w":414,"h":164},"anchor":{"x":0.5048309178743962,"y":0.5060975609756098},"shape":{"type":"rect","top":60,"bottom":55,"left":135,"right":160}}},"animations":{"Asteroids_Small":["Asteroids_Small@frame0","Asteroids_Small@frame1","Asteroids_Small@frame2"],"Bonus_Bolt":["Bonus_Bolt@frame0"],"Bonus_Cross":["Bonus_Cross@frame0"],"Bonus_Lives":["Bonus_Lives@frame0"],"Bonus_Slowmo":["Bonus_Slowmo@frame0"],"Bonus_Spread":["Bonus_Spread@frame0"],"Boss":["Boss@frame0"],"Button_Shoot":["Button_Shoot@frame0"],"CatsteroidsLogo":["CatsteroidsLogo@frame0"],"Chunk_01":["Chunk_01@frame0"],"Chunk_02":["Chunk_02@frame0"],"Enemy_Bomber":["Enemy_Bomber@frame0"],"Enemy_Shooter":["Enemy_Shooter@frame0"],"Enemy_Wiggler":["Enemy_Wiggler@frame0"],"Healthbar_Base":["Healthbar_Base@frame0"],"Healthbar_BossBar":["Healthbar_BossBar@frame0"],"Joystick_Center":["Joystick_Center@frame0"],"Joystick_Move":["Joystick_Move@frame0"],"Laser_Bolt_Blue":["Laser_Bolt_Blue@frame0"],"Laser_Cross_Red":["Laser_Cross_Red@frame0"],"Laser_Red":["Laser_Red@frame0"],"Laser_Simple_Blue":["Laser_Simple_Blue@frame0"],"Laser_X_Blue":["Laser_X_Blue@frame0"],"Light_02":["Light_02@frame0"],"OhNo":["OhNo@frame0"],"PlayerShip_Blue":["PlayerShip_Blue@frame0"],"RetryButton":["RetryButton@frame0"],"Scorch":["Scorch@frame0","Scorch@frame1","Scorch@frame2"],"StartButton":["StartButton@frame0"]}}
