{"meta":{"app":"https://ctjs.rocks/","version":"1.5.0","image":"a1.png","format":"RGBA8888","size":{"w":2048,"h":2048},"scale":"1"},"frames":{"Muzzle@frame0":{"frame":{"x":1,"y":1,"w":512,"h":512},"rotated":false,"trimmed":false,"spriteSourceSize":{"x":0,"y":0,"w":512,"h":512},"sourceSize":{"w":512,"h":512},"anchor":{"x":0,"y":0},"shape":{"type":"rect","top":0,"bottom":512,"left":0,"right":512}},"Muzzle@frame1":{"frame":{"x":1,"y":515,"w":512,"h":512},"rotated":false,"trimmed":false,"spriteSourceSize":{"x":0,"y":0,"w":512,"h":512},"sourceSize":{"w":512,"h":512},"anchor":{"x":0,"y":0},"shape":{"type":"rect","top":0,"bottom":512,"left":0,"right":512}},"Muzzle@frame2":{"frame":{"x":1,"y":1029,"w":512,"h":512},"rotated":false,"trimmed":false,"spriteSourceSize":{"x":0,"y":0,"w":512,"h":512},"sourceSize":{"w":512,"h":512},"anchor":{"x":0,"y":0},"shape":{"type":"rect","top":0,"bottom":512,"left":0,"right":512}},"Muzzle@frame3":{"frame":{"x":515,"y":1,"w":512,"h":512},"rotated":false,"trimmed":false,"spriteSourceSize":{"x":0,"y":0,"w":512,"h":512},"sourceSize":{"w":512,"h":512},"anchor":{"x":0,"y":0},"shape":{"type":"rect","top":0,"bottom":512,"left":0,"right":512}},"Muzzle@frame4":{"frame":{"x":1029,"y":1,"w":512,"h":512},"rotated":false,"trimmed":false,"spriteSourceSize":{"x":0,"y":0,"w":512,"h":512},"sourceSize":{"w":512,"h":512},"anchor":{"x":0,"y":0},"shape":{"type":"rect","top":0,"bottom":512,"left":0,"right":512}},"Muzzle@frame5":{"frame":{"x":515,"y":515,"w":512,"h":512},"rotated":false,"trimmed":false,"spriteSourceSize":{"x":0,"y":0,"w":512,"h":512},"sourceSize":{"w":512,"h":512},"anchor":{"x":0,"y":0},"shape":{"type":"rect","top":0,"bottom":512,"left":0,"right":512}},"Twirl_03@frame0":{"frame":{"x":515,"y":1029,"w":512,"h":512},"rotated":false,"trimmed":false,"spriteSourceSize":{"x":0,"y":0,"w":512,"h":512},"sourceSize":{"w":512,"h":512},"anchor":{"x":0,"y":0},"shape":{"type":"rect","top":0,"bottom":512,"left":0,"right":512}},"Victory@frame0":{"frame":{"x":1,"y":1543,"w":872,"h":490},"rotated":false,"trimmed":false,"spriteSourceSize":{"x":0,"y":0,"w":872,"h":490},"sourceSize":{"w":872,"h":490},"anchor":{"x":0.4793577981651376,"y":0.5530612244897959},"shape":{"type":"rect","top":271,"bottom":219,"left":418,"right":454}}},"animations":{"Muzzle":["Muzzle@frame0","Muzzle@frame1","Muzzle@frame2","Muzzle@frame3","Muzzle@frame4","Muzzle@frame5"],"Twirl_03":["Twirl_03@frame0"],"Victory":["Victory@frame0"]}}
