{"meta":{"app":"https://ctjs.rocks/","version":"1.5.0","image":"a2.png","format":"RGBA8888","size":{"w":2048,"h":2048},"scale":"1"},"frames":{"Smoke@frame0":{"frame":{"x":1,"y":1,"w":512,"h":512},"rotated":false,"trimmed":false,"spriteSourceSize":{"x":0,"y":0,"w":512,"h":512},"sourceSize":{"w":512,"h":512},"anchor":{"x":0,"y":0},"shape":{"type":"rect","top":0,"bottom":512,"left":0,"right":512}},"Smoke@frame1":{"frame":{"x":1,"y":515,"w":512,"h":512},"rotated":false,"trimmed":false,"spriteSourceSize":{"x":0,"y":0,"w":512,"h":512},"sourceSize":{"w":512,"h":512},"anchor":{"x":0,"y":0},"shape":{"type":"rect","top":0,"bottom":512,"left":0,"right":512}},"Smoke@frame2":{"frame":{"x":1,"y":1029,"w":512,"h":512},"rotated":false,"trimmed":false,"spriteSourceSize":{"x":0,"y":0,"w":512,"h":512},"sourceSize":{"w":512,"h":512},"anchor":{"x":0,"y":0},"shape":{"type":"rect","top":0,"bottom":512,"left":0,"right":512}},"Smoke@frame3":{"frame":{"x":515,"y":1,"w":512,"h":512},"rotated":false,"trimmed":false,"spriteSourceSize":{"x":0,"y":0,"w":512,"h":512},"sourceSize":{"w":512,"h":512},"anchor":{"x":0,"y":0},"shape":{"type":"rect","top":0,"bottom":512,"left":0,"right":512}},"Smoke@frame4":{"frame":{"x":1029,"y":1,"w":512,"h":512},"rotated":false,"trimmed":false,"spriteSourceSize":{"x":0,"y":0,"w":512,"h":512},"sourceSize":{"w":512,"h":512},"anchor":{"x":0,"y":0},"shape":{"type":"rect","top":0,"bottom":512,"left":0,"right":512}},"Smoke@frame5":{"frame":{"x":515,"y":515,"w":512,"h":512},"rotated":false,"trimmed":false,"spriteSourceSize":{"x":0,"y":0,"w":512,"h":512},"sourceSize":{"w":512,"h":512},"anchor":{"x":0,"y":0},"shape":{"type":"rect","top":0,"bottom":512,"left":0,"right":512}},"Smoke@frame6":{"frame":{"x":515,"y":1029,"w":512,"h":512},"rotated":false,"trimmed":false,"spriteSourceSize":{"x":0,"y":0,"w":512,"h":512},"sourceSize":{"w":512,"h":512},"anchor":{"x":0,"y":0},"shape":{"type":"rect","top":0,"bottom":512,"left":0,"right":512}},"Smoke@frame7":{"frame":{"x":1029,"y":515,"w":512,"h":512},"rotated":false,"trimmed":false,"spriteSourceSize":{"x":0,"y":0,"w":512,"h":512},"sourceSize":{"w":512,"h":512},"anchor":{"x":0,"y":0},"shape":{"type":"rect","top":0,"bottom":512,"left":0,"right":512}}},"animations":{"Smoke":["Smoke@frame0","Smoke@frame1","Smoke@frame2","Smoke@frame3","Smoke@frame4","Smoke@frame5","Smoke@frame6","Smoke@frame7"]}}
