{"meta":{"app":"https://ctjs.rocks/","version":"1.5.0","image":"a3.png","format":"RGBA8888","size":{"w":2048,"h":2048},"scale":"1"},"frames":{"Spark@frame0":{"frame":{"x":1,"y":1,"w":512,"h":512},"rotated":false,"trimmed":false,"spriteSourceSize":{"x":0,"y":0,"w":512,"h":512},"sourceSize":{"w":512,"h":512},"anchor":{"x":0,"y":0},"shape":{"type":"rect","top":0,"bottom":512,"left":0,"right":512}},"Spark@frame1":{"frame":{"x":1,"y":515,"w":512,"h":512},"rotated":false,"trimmed":false,"spriteSourceSize":{"x":0,"y":0,"w":512,"h":512},"sourceSize":{"w":512,"h":512},"anchor":{"x":0,"y":0},"shape":{"type":"rect","top":0,"bottom":512,"left":0,"right":512}},"Spark@frame2":{"frame":{"x":1,"y":1029,"w":512,"h":512},"rotated":false,"trimmed":false,"spriteSourceSize":{"x":0,"y":0,"w":512,"h":512},"sourceSize":{"w":512,"h":512},"anchor":{"x":0,"y":0},"shape":{"type":"rect","top":0,"bottom":512,"left":0,"right":512}},"Spark@frame3":{"frame":{"x":515,"y":1,"w":512,"h":512},"rotated":false,"trimmed":false,"spriteSourceSize":{"x":0,"y":0,"w":512,"h":512},"sourceSize":{"w":512,"h":512},"anchor":{"x":0,"y":0},"shape":{"type":"rect","top":0,"bottom":512,"left":0,"right":512}}},"animations":{"Spark":["Spark@frame0","Spark@frame1","Spark@frame2","Spark@frame3"]}}
